ticket,symbol,position_type,openprice,closeprice,profit,opentime,closetime,comment
86612444,BTCUSDm,buy,118751.28,118752.62,0.07,2025.07.31,2025-08-10,BUY[sl]
86659414,BTCUSDm,buy,117882.12,118130.73,12.43,2025.07.31,2025-08-10,BUY[sl]
86659634,BTCUSDm,buy,117857.71,118130.73,13.65,2025.07.31,2025-08-10,BUY[sl]
86668232,BTCUSDm,buy,116490.79,116645.67,7.74,2025.07.31,2025-08-07,BUY[sl]
86668354,BTCUSDm,buy,116303.11,116422.47,5.96,2025.07.31,2025-08-07,BUY[sl]
86676698,BTCUSDm,buy,116171.9,116422.47,12.52,2025.08.01,2025-08-07,BUY[sl]
86755914,BTCUSDm,buy,114174.66,114447.28,2.72,2025.08.01,2025-08-03,BUY[sl]
86763696,BTCUSDm,sell,113689.66,113678.08,0.23,2025.08.02,2025-08-02,3782
86763728,BTCUSDm,sell,113800.92,113667.45,2.67,2025.08.02,2025-08-02,3782
86763934,BTCUSDm,buy,113654.62,113683.92,0.29,2025.08.02,2025-08-02,BUY[sl]
86764042,BTCUSDm,buy,113670.58,113818.71,8.89,2025.08.02,2025-08-02,BUY[sl]
86764104,BTCUSDm,sell,113868.41,113785.85,3.31,2025.08.02,2025-08-02,3782
86764736,BTCUSDm,sell,114060.47,113986.05,2.98,2025.08.02,2025-08-02,3782
86764958,BTCUSDm,buy,114034.49,114291.89,15.44,2025.08.02,2025-08-03,BUY
86764972,BTCUSDm,buy,114023.06,114293.75,16.25,2025.08.02,2025-08-03,BUY
86765188,BTCUSDm,buy,113700.35,113706.97,0.27,2025.08.02,2025-08-02,3782
86765230,BTCUSDm,buy,113624.31,113735.91,4.47,2025.08.02,2025-08-02,3782
86765433,BTCUSDm,buy,113709.42,113715.53,0.36,2025.08.02,2025-08-02,BUY[sl]
86767534,BTCUSDm,sell,113777.06,113790.96,-0.56,2025.08.02,2025-08-02,3782
86767672,BTCUSDm,sell,113882.34,113791.44,3.63,2025.08.02,2025-08-02,3782
86768249,BTCUSDm,buy,113538.64,113498.63,-1.6,2025.08.02,2025-08-02,3782
86768387,BTCUSDm,buy,113406.0,113504.75,3.95,2025.08.02,2025-08-02,3782
86769045,BTCUSDm,buy,113177.94,113254.19,3.05,2025.08.02,2025-08-02,3782
86769335,BTCUSDm,buy,113046.16,113122.28,3.04,2025.08.02,2025-08-02,3782
86771796,BTCUSDm,sell,112721.64,112578.04,11.49,2025.08.02,2025-08-02,
86771934,BTCUSDm,sell,112750.39,112474.69,22.05,2025.08.02,2025-08-02,
86774433,BTCUSDm,sell,112689.59,112900.0,-16.83,2025.08.02,2025-08-02,[sl]
86775968,BTCUSDm,buy,112599.71,112887.36,17.26,2025.08.03,2025-08-03,BUY[sl]
86776979,BTCUSDm,sell,113739.52,113714.05,1.02,2025.08.03,2025-08-03,3782
86777005,BTCUSDm,sell,113768.94,113713.94,2.2,2025.08.03,2025-08-03,3782
86779382,BTCUSDm,sell,113734.11,113659.04,3.0,2025.08.03,2025-08-03,3782
86780325,BTCUSDm,sell,113815.1,113930.98,-4.64,2025.08.03,2025-08-03,3782
86780436,BTCUSDm,sell,113889.1,113916.92,-1.12,2025.08.03,2025-08-03,3782
86780497,BTCUSDm,sell,113923.63,113916.91,0.27,2025.08.03,2025-08-03,3782
86780618,BTCUSDm,sell,114013.49,113936.49,3.08,2025.08.03,2025-08-03,3782
86780702,BTCUSDm,sell,114108.18,113937.63,6.82,2025.08.03,2025-08-03,3782
86783810,BTCUSDm,buy,113713.1,113779.27,2.65,2025.08.03,2025-08-03,3782
86786107,BTCUSDm,sell,114166.86,114146.04,0.83,2025.08.03,2025-08-03,3782
86786149,BTCUSDm,sell,114192.28,114141.71,2.02,2025.08.03,2025-08-03,3782
86786736,BTCUSDm,sell,114437.9,114358.52,3.18,2025.08.03,2025-08-03,3782
86793612,BTCUSDm,buy,114221.03,114227.2,0.25,2025.08.03,2025-08-03,3782
86793727,BTCUSDm,buy,114156.01,114227.2,2.85,2025.08.03,2025-08-03,3782
86798061,BTCUSDm,sell,115056.52,114977.27,3.17,2025.08.04,2025-08-04,3782
86803666,BTCUSDm,buy,114488.72,114570.06,3.25,2025.08.04,2025-08-04,3782
86805100,,unknown,0.0,0.0,714.8,2025.08.04,2025-08-04,D-ALLINT-USD-INT-36440195074
86805128,BTCUSDm,sell,114286.79,114326.16,-0.78,2025.08.04,2025-08-04,
86805740,BTCUSDm,sell,114286.23,114342.06,-1.12,2025.08.04,2025-08-04,
86806115,BTCUSDm,buy,114403.55,114550.73,5.89,2025.08.04,2025-08-04,BUY
86809006,BTCUSDm,buy,114459.08,114478.25,0.77,2025.08.04,2025-08-04,BUY[sl]
86813627,BTCUSDm,sell,114849.3,114773.74,3.02,2025.08.04,2025-08-04,3782
86815568,BTCUSDm,sell,114722.14,114855.33,-5.32,2025.08.04,2025-08-04,SELL[sl]
86823060,BTCUSDm,sell,114573.96,114470.36,4.15,2025.08.04,2025-08-04,SELL[sl]
86826246,BTCUSDm,buy,114432.4,114427.29,-0.21,2025.08.04,2025-08-04,BUY
86829891,BTCUSDm,buy,114342.2,114365.06,0.23,2025.08.04,2025-08-04,[tp]
86830611,BTCUSDm,buy,114396.29,114416.75,0.82,2025.08.04,2025-08-04,BUY
86830941,BTCUSDm,sell,114432.3,114481.81,-0.5,2025.08.04,2025-08-04,
86835452,BTCUSDm,sell,114608.64,114524.28,3.38,2025.08.04,2025-08-04,3782
86843889,BTCUSDm,sell,114407.91,114323.57,3.38,2025.08.04,2025-08-04,SELL[sl]
86844546,BTCUSDm,buy,114256.94,114267.3,0.41,2025.08.04,2025-08-04,3782
86845139,BTCUSDm,buy,114207.63,114266.97,2.37,2025.08.04,2025-08-04,3782
86846944,BTCUSDm,sell,114709.82,114626.42,3.33,2025.08.04,2025-08-04,3782
86848302,BTCUSDm,sell,114924.22,114836.04,3.53,2025.08.04,2025-08-04,3782
86855274,BTCUSDm,sell,115091.2,115222.28,-5.24,2025.08.04,2025-08-04,SELL[sl]
86855995,BTCUSDm,buy,114982.19,115095.05,6.77,2025.08.04,2025-08-04,
86856206,BTCUSDm,buy,114875.75,114978.17,6.14,2025.08.04,2025-08-04,[tp]
86860117,BTCUSDm,buy,114959.31,115087.59,7.7,2025.08.04,2025-08-04,BUY[sl]
86863001,BTCUSDm,buy,115048.38,115087.59,2.36,2025.08.04,2025-08-04,BUY[sl]
86866616,BTCUSDm,sell,115478.54,115393.86,3.39,2025.08.04,2025-08-04,3782
86871807,BTCUSDm,buy,115308.98,115366.02,3.42,2025.08.04,2025-08-04,BUY[sl]
86875540,BTCUSDm,sell,115195.66,115120.98,2.99,2025.08.04,2025-08-04,3782
86875562,BTCUSDm,buy,115148.05,115247.81,5.99,2025.08.04,2025-08-04,BUY[sl]
86878674,BTCUSDm,buy,115017.78,115063.93,2.77,2025.08.05,2025-08-05,BUY[sl]
86879205,BTCUSDm,buy,115034.91,115063.93,1.75,2025.08.05,2025-08-05,BUY[sl]
86879307,BTCUSDm,buy,114940.6,115063.93,7.4,2025.08.05,2025-08-05,BUY[sl]
86881225,BTCUSDm,buy,114777.17,115063.93,17.21,2025.08.05,2025-08-05,BUY[sl]
86881617,BTCUSDm,buy,114510.81,114511.53,0.03,2025.08.05,2025-08-05,3782
86881767,BTCUSDm,buy,114441.91,114518.61,3.06,2025.08.05,2025-08-05,3782
86883248,BTCUSDm,buy,114420.42,114458.94,2.31,2025.08.05,2025-08-05,BUY[sl]
86883368,BTCUSDm,buy,114245.99,114316.57,4.23,2025.08.05,2025-08-05,BUY[sl]
86884113,BTCUSDm,buy,114376.73,114410.78,2.05,2025.08.05,2025-08-05,BUY[sl]
86887434,BTCUSDm,buy,114469.87,114542.31,4.35,2025.08.05,2025-08-05,BUY[sl]
86890272,BTCUSDm,buy,114184.61,114262.78,3.13,2025.08.05,2025-08-05,3782
86893036,BTCUSDm,buy,114354.1,114437.69,5.01,2025.08.05,2025-08-05,BUY[sl]
86894573,BTCUSDm,buy,113981.53,114061.02,3.18,2025.08.05,2025-08-05,3782
86897849,BTCUSDm,buy,114175.4,114349.78,10.47,2025.08.05,2025-08-05,BUY
86907286,BTCUSDm,sell,114764.71,114694.51,2.81,2025.08.05,2025-08-05,3782
86913143,BTCUSDm,buy,114819.12,115063.93,14.69,2025.08.05,2025-08-05,BUY[sl]
86913777,BTCUSDm,sell,115101.0,115010.47,3.62,2025.08.05,2025-08-05,3782
86917278,BTCUSDm,buy,114959.14,115205.29,14.77,2025.08.05,2025-08-06,BUY[sl]
86921206,BTCUSDm,buy,114647.81,114210.7,-17.48,2025.08.05,2025-08-05,3782
86921501,BTCUSDm,buy,114509.07,114207.77,-12.05,2025.08.05,2025-08-05,3782
86926466,BTCUSDm,buy,114073.85,114125.21,3.08,2025.08.05,2025-08-05,BUY[sl]
86936449,BTCUSDm,buy,112782.21,113186.66,16.18,2025.08.05,2025-08-05,3782
86939222,BTCUSDm,buy,113204.97,113367.07,9.72,2025.08.05,2025-08-05,BUY[sl]
86943076,BTCUSDm,buy,113026.85,113049.58,1.36,2025.08.05,2025-08-05,BUY[sl]
86952359,BTCUSDm,buy,113643.45,113677.42,2.04,2025.08.05,2025-08-05,BUY[sl]
86954981,BTCUSDm,buy,113703.43,113777.49,4.44,2025.08.05,2025-08-05,BUY[sl]
86955245,BTCUSDm,buy,113372.43,114211.53,33.56,2025.08.05,2025-08-05,3782
86959453,BTCUSDm,buy,113794.96,113981.24,11.17,2025.08.06,2025-08-06,BUY[sl]
86962229,BTCUSDm,buy,113621.36,113981.24,21.59,2025.08.06,2025-08-06,BUY[sl]
86962337,BTCUSDm,buy,113594.82,113981.24,23.18,2025.08.06,2025-08-06,BUY[sl]
86965090,BTCUSDm,sell,113817.02,113884.36,-2.69,2025.08.06,2025-08-06,3782
86965452,BTCUSDm,sell,114030.94,113880.35,6.03,2025.08.06,2025-08-06,3782
86966548,BTCUSDm,sell,114229.23,114291.75,-2.5,2025.08.06,2025-08-06,3782
86966660,BTCUSDm,sell,114405.64,114272.75,5.32,2025.08.06,2025-08-06,3782
86969446,BTCUSDm,buy,114104.99,114121.33,0.98,2025.08.06,2025-08-06,BUY[sl]
86975040,BTCUSDm,buy,114334.38,114372.61,2.3,2025.08.06,2025-08-06,BUY[sl]
86979565,BTCUSDm,buy,114022.09,114196.23,10.44,2025.08.06,2025-08-06,BUY[sl]
86983803,BTCUSDm,buy,114171.31,114216.45,2.71,2025.08.06,2025-08-06,BUY[sl]
86987201,BTCUSDm,buy,114193.51,114216.45,1.38,2025.08.06,2025-08-06,BUY[sl]
87001043,BTCUSDm,buy,114000.07,114163.18,9.79,2025.08.06,2025-08-06,BUY[sl]
87002424,BTCUSDm,sell,114433.19,114341.42,3.67,2025.08.06,2025-08-06,3782
87005249,BTCUSDm,sell,114521.49,114436.08,3.42,2025.08.06,2025-08-06,3782
87010405,BTCUSDm,buy,114343.29,115205.29,51.72,2025.08.06,2025-08-06,BUY[sl]
87011330,BTCUSDm,sell,115254.99,115191.97,2.52,2025.08.06,2025-08-06,3782
87020386,BTCUSDm,buy,115243.52,115400.5,9.42,2025.08.06,2025-08-06,BUY[sl]
87022285,BTCUSDm,sell,115571.14,115493.41,3.11,2025.08.06,2025-08-06,3782
87022935,BTCUSDm,sell,115702.5,115630.18,2.89,2025.08.06,2025-08-06,3782
87025926,BTCUSDm,buy,115652.21,115700.36,2.89,2025.08.06,2025-08-07,BUY[sl]
87026797,BTCUSDm,buy,115525.09,115555.0,1.79,2025.08.06,2025-08-06,BUY[sl]
87029465,BTCUSDm,buy,115276.98,115288.22,0.67,2025.08.06,2025-08-06,BUY[sl]
87029644,BTCUSDm,buy,114967.94,115039.51,2.86,2025.08.06,2025-08-06,3782
87029945,BTCUSDm,buy,115278.19,115518.13,14.4,2025.08.06,2025-08-07,BUY[sl]
87030963,BTCUSDm,buy,115285.18,115518.13,13.98,2025.08.06,2025-08-07,BUY[sl]
87031053,BTCUSDm,buy,115241.81,115518.13,16.58,2025.08.06,2025-08-07,BUY[sl]
87032940,BTCUSDm,buy,115038.78,115200.27,9.69,2025.08.07,2025-08-07,BUY[sl]
87034403,BTCUSDm,buy,115106.79,115200.27,5.61,2025.08.07,2025-08-07,BUY[sl]
87038056,BTCUSDm,buy,114635.17,114700.26,3.91,2025.08.07,2025-08-07,BUY[sl]
87041146,BTCUSDm,buy,114574.05,114584.77,0.65,2025.08.07,2025-08-07,BUY[sl]
87045641,BTCUSDm,sell,114872.32,114795.83,3.06,2025.08.07,2025-08-07,3782
87045717,BTCUSDm,buy,114866.61,114905.59,2.34,2025.08.07,2025-08-07,BUY[sl]
87052158,BTCUSDm,sell,115077.56,115078.12,-0.02,2025.08.07,2025-08-07,3782
87057101,BTCUSDm,sell,115165.21,115078.53,3.47,2025.08.07,2025-08-07,3782
87070722,BTCUSDm,sell,115996.12,116155.74,-6.39,2025.08.07,2025-08-07,3782
87071771,BTCUSDm,sell,116400.74,116154.43,9.85,2025.08.07,2025-08-07,3782
87086545,BTCUSDm,buy,116293.06,116381.32,5.3,2025.08.07,2025-08-07,BUY[sl]
87087684,BTCUSDm,buy,116367.27,116381.32,0.84,2025.08.07,2025-08-07,BUY[sl]
87088773,BTCUSDm,sell,116637.97,116648.17,-0.41,2025.08.07,2025-08-07,3782
87089111,BTCUSDm,sell,116750.07,116647.06,4.12,2025.08.07,2025-08-07,3782
87105814,BTCUSDm,buy,116321.26,116400.0,7.87,2025.08.07,2025-08-07,[tp]
87111444,BTCUSDm,sell,116889.35,117239.44,-14.01,2025.08.07,2025-08-07,3782
87111789,BTCUSDm,sell,116985.44,117239.4,-10.16,2025.08.07,2025-08-07,3782
87112485,BTCUSDm,sell,117499.9,117232.45,10.7,2025.08.07,2025-08-07,3782
87113035,BTCUSDm,sell,117583.71,117224.4,14.37,2025.08.07,2025-08-07,3782
87115321,BTCUSDm,buy,117152.89,117229.91,3.08,2025.08.07,2025-08-07,3782
87119092,BTCUSDm,buy,116969.61,117064.37,3.79,2025.08.08,2025-08-08,3782
87137972,BTCUSDm,buy,116649.06,116811.87,9.77,2025.08.08,2025-08-08,[tp]
87150029,BTCUSDm,buy,116384.27,116438.93,3.28,2025.08.08,2025-08-08,3782
87167141,BTCUSDm,sell,116891.91,116839.05,3.17,2025.08.08,2025-08-08,3782
87181633,BTCUSDm,sell,116452.43,116377.4,4.51,2025.08.08,2025-08-08,3782
87188045,BTCUSDm,sell,116768.68,116792.04,-1.4,2025.08.08,2025-08-08,3782
87188202,BTCUSDm,sell,116870.3,116788.09,4.93,2025.08.08,2025-08-08,3782
87189871,BTCUSDm,buy,116894.79,116948.6,3.23,2025.08.08,2025-08-09,
87189873,BTCUSDm,sell,116878.51,116845.46,1.98,2025.08.08,2025-08-08,[tp]
87189986,BTCUSDm,sell,116734.62,116702.66,1.92,2025.08.08,2025-08-08,[tp]
87190008,BTCUSDm,buy,116682.93,116722.36,2.36,2025.08.08,2025-08-08,
87191079,BTCUSDm,buy,116567.96,116732.04,9.84,2025.08.09,2025-08-09,[tp]
87191086,BTCUSDm,sell,116689.18,116639.8,2.96,2025.08.09,2025-08-09,3782
87191096,BTCUSDm,sell,116702.91,116633.85,4.14,2025.08.09,2025-08-09,3782
87191168,BTCUSDm,sell,116762.41,116842.58,-4.81,2025.08.09,2025-08-09,3782
87191226,BTCUSDm,sell,116944.07,116831.97,6.72,2025.08.09,2025-08-09,3782
87191483,BTCUSDm,sell,116564.82,116711.33,-1.46,2025.08.09,2025-08-09,SELL[sl]
87191519,,unknown,0.0,0.0,1000.0,2025.08.09,2025-08-09,D-ALLINT-USD-INT-45716283394
87192703,BTCUSDm,buy,116656.35,116788.76,1.33,2025.08.09,2025-08-09,BUY[sl]
87193118,BTCUSDm,buy,116799.59,116964.16,1.64,2025.08.09,2025-08-09,BUY
87193246,BTCUSDm,sell,116954.58,117007.86,-3.2,2025.08.09,2025-08-09,3782
87193294,BTCUSDm,sell,117159.55,117010.47,8.94,2025.08.09,2025-08-09,3782
87193783,BTCUSDm,sell,117411.38,117355.8,3.33,2025.08.09,2025-08-09,3782
87194372,BTCUSDm,sell,117762.67,117694.88,4.07,2025.08.09,2025-08-09,3782
87194487,BTCUSDm,sell,117882.98,117825.0,3.48,2025.08.09,2025-08-09,3782
87195779,BTCUSDm,buy,117190.48,117807.56,6.18,2025.08.09,2025-08-10,BUY[sl]
87195809,BTCUSDm,buy,117137.26,117807.56,6.71,2025.08.09,2025-08-10,BUY[sl]
87196174,BTCUSDm,buy,117129.22,117807.56,6.79,2025.08.09,2025-08-10,BUY[sl]
87196666,BTCUSDm,buy,117025.01,117807.56,7.83,2025.08.09,2025-08-10,BUY[sl]
87197131,BTCUSDm,buy,116965.19,116966.33,0.01,2025.08.09,2025-08-09,BUY[sl]
87197771,BTCUSDm,buy,116855.15,117807.56,9.53,2025.08.09,2025-08-10,BUY[sl]
87198320,BTCUSDm,buy,116750.3,116828.84,0.79,2025.08.09,2025-08-09,BUY[sl]
87198817,BTCUSDm,buy,116718.32,116828.84,1.11,2025.08.09,2025-08-09,BUY[sl]
87198872,BTCUSDm,buy,116590.64,118000.0,70.47,2025.08.09,2025-08-10,[tp]
87199118,BTCUSDm,buy,116595.64,116828.84,2.33,2025.08.09,2025-08-09,BUY[sl]
87199188,BTCUSDm,sell,116784.66,116737.3,2.84,2025.08.09,2025-08-09,3782
87200105,BTCUSDm,buy,116511.58,116644.1,1.32,2025.08.10,2025-08-10,BUY[sl]
87200198,BTCUSDm,sell,116637.48,116590.22,2.84,2025.08.10,2025-08-10,3782
87200359,BTCUSDm,buy,116624.33,117807.56,11.84,2025.08.10,2025-08-10,BUY[sl]
87200417,BTCUSDm,sell,116914.26,117564.89,-39.03,2025.08.10,2025-08-10,3782
87200492,BTCUSDm,sell,117164.63,117561.03,-23.78,2025.08.10,2025-08-10,3782
87200597,BTCUSDm,sell,117887.26,117560.56,19.61,2025.08.10,2025-08-10,3782
87200777,BTCUSDm,sell,118355.61,117552.27,48.2,2025.08.10,2025-08-10,3782
87201862,BTCUSDm,buy,118096.66,118134.14,0.37,2025.08.10,2025-08-10,BUY[sl]
87202366,BTCUSDm,buy,118078.4,118134.14,0.56,2025.08.10,2025-08-10,BUY[sl]
87202920,BTCUSDm,buy,117542.31,117597.59,3.32,2025.08.10,2025-08-10,3782
87203326,BTCUSDm,buy,118024.1,118050.43,0.26,2025.08.10,2025-08-10,BUY[sl]
87204218,BTCUSDm,buy,118301.09,118407.68,1.07,2025.08.10,2025-08-10,BUY[sl]
87204828,BTCUSDm,buy,118311.16,118407.68,0.97,2025.08.10,2025-08-10,BUY[sl]
87204935,BTCUSDm,sell,118404.0,118423.61,-1.18,2025.08.10,2025-08-10,3782
87204977,BTCUSDm,sell,118455.74,118412.69,2.58,2025.08.10,2025-08-10,3782
87205043,BTCUSDm,sell,118503.38,118412.13,5.47,2025.08.10,2025-08-10,3782
87206079,BTCUSDm,buy,118723.94,118752.62,0.29,2025.08.10,2025-08-10,BUY[sl]
87206387,BTCUSDm,sell,118829.82,118780.39,2.97,2025.08.10,2025-08-10,3782
87206696,BTCUSDm,sell,119013.68,118968.2,2.73,2025.08.10,2025-08-10,3782
87206755,BTCUSDm,sell,119110.79,119006.36,6.27,2025.08.10,2025-08-10,3782
87208025,BTCUSDm,buy,118558.14,118575.17,0.17,2025.08.10,2025-08-10,BUY[sl]
87208237,BTCUSDm,buy,118585.61,118622.78,0.37,2025.08.10,2025-08-10,BUY[sl]
87208383,BTCUSDm,sell,118660.85,118635.48,1.52,2025.08.10,2025-08-10,3782
87208403,BTCUSDm,sell,118670.56,118633.52,2.22,2025.08.10,2025-08-10,3782
87208516,BTCUSDm,sell,118727.8,118675.99,3.11,2025.08.10,2025-08-10,3782
87208948,BTCUSDm,buy,118730.9,118925.37,1.94,2025.08.10,2025-08-10,BUY
87212099,BTCUSDm,sell,118944.88,118864.48,4.82,2025.08.10,2025-08-10,3782
87214211,BTCUSDm,sell,119049.55,119024.68,2.74,2025.08.10,2025-08-10,
87214643,BTCUSDm,buy,119323.47,119337.27,0.14,2025.08.10,2025-08-11,BUY[sl]
87214705,BTCUSDm,buy,119260.1,119337.27,0.77,2025.08.10,2025-08-11,BUY[sl]
87216135,BTCUSDm,buy,119431.8,119695.41,2.63,2025.08.11,2025-08-11,BUY[sl]
87218803,BTCUSDm,buy,119013.15,119069.73,3.39,2025.08.11,2025-08-11,3782
87220517,BTCUSDm,sell,119786.21,119727.18,3.54,2025.08.11,2025-08-11,3782
87221399,BTCUSDm,sell,120693.05,120631.02,3.72,2025.08.11,2025-08-11,3782
87221906,BTCUSDm,sell,120829.18,120766.17,3.78,2025.08.11,2025-08-11,3782
87222369,BTCUSDm,sell,121505.08,121423.18,4.91,2025.08.11,2025-08-11,3782
87225192,BTCUSDm,buy,121864.58,122057.67,1.93,2025.08.11,2025-08-11,BUY
87228874,BTCUSDm,buy,122059.32,122244.48,1.85,2025.08.11,2025-08-11,BUY[sl]
87238427,BTCUSDm,buy,121740.8,121793.76,3.18,2025.08.11,2025-08-11,3782
87244239,BTCUSDm,buy,121601.07,121878.18,2.77,2025.08.11,2025-08-13,BUY[sl]
87250279,BTCUSDm,buy,121108.3,121174.93,4.0,2025.08.11,2025-08-11,3782
87252013,BTCUSDm,buy,121370.29,121878.18,5.08,2025.08.11,2025-08-13,BUY[sl]
87257552,BTCUSDm,buy,120856.69,120903.56,2.81,2025.08.11,2025-08-11,3782
87258485,BTCUSDm,buy,120733.74,120802.48,4.13,2025.08.11,2025-08-11,3782
87272824,BTCUSDm,buy,119583.43,119723.21,1.4,2025.08.11,2025-08-11,BUY[sl]
87279896,BTCUSDm,buy,120255.65,120300.61,0.45,2025.08.11,2025-08-11,BUY[sl]
87283707,BTCUSDm,buy,120122.54,120300.61,1.78,2025.08.11,2025-08-11,BUY[sl]
87287122,BTCUSDm,sell,120581.67,120517.34,3.86,2025.08.11,2025-08-11,3782
87295967,BTCUSDm,buy,119632.38,119825.77,1.94,2025.08.11,2025-08-11,BUY[sl]
87298739,BTCUSDm,buy,118797.17,118843.48,2.78,2025.08.11,2025-08-11,3782
87300189,BTCUSDm,buy,118974.77,118975.34,0.0,2025.08.11,2025-08-11,BUY[sl]
87300821,BTCUSDm,buy,119147.25,119258.28,7.77,2025.08.11,2025-08-12,
87300862,BTCUSDm,buy,119040.28,119069.59,0.3,2025.08.11,2025-08-12,BUY[sl]
87301008,BTCUSDm,buy,118521.7,118575.22,3.21,2025.08.11,2025-08-11,3782
87301173,BTCUSDm,buy,118336.2,118393.61,3.45,2025.08.11,2025-08-11,3782
87301660,BTCUSDm,buy,118631.96,118862.36,2.3,2025.08.11,2025-08-11,BUY[sl]
87302073,BTCUSDm,buy,118728.39,118862.36,1.34,2025.08.11,2025-08-11,BUY[sl]
87303192,BTCUSDm,buy,118836.78,118880.64,0.44,2025.08.11,2025-08-12,BUY[sl]
87303242,BTCUSDm,buy,118742.18,118880.64,1.39,2025.08.12,2025-08-12,BUY[sl]
87303850,BTCUSDm,sell,119013.44,118951.0,3.75,2025.08.12,2025-08-12,3782
87303893,BTCUSDm,buy,118922.72,118922.78,0.0,2025.08.12,2025-08-12,BUY[sl]
87306760,BTCUSDm,buy,119152.91,119265.17,1.12,2025.08.12,2025-08-12,BUY[sl]
87306928,BTCUSDm,sell,119235.79,119260.73,-1.49,2025.08.12,2025-08-12,3782
87306967,BTCUSDm,sell,119260.3,119261.53,-0.07,2025.08.12,2025-08-12,3782
87307041,BTCUSDm,sell,119330.31,119251.82,4.71,2025.08.12,2025-08-12,3782
87308919,BTCUSDm,buy,118996.34,119068.44,0.72,2025.08.12,2025-08-12,BUY[sl]
87312261,BTCUSDm,buy,118834.97,118914.12,3.16,2025.08.12,2025-08-12,BUY[sl]
87323222,BTCUSDm,buy,118994.61,119242.02,14.84,2025.08.12,2025-08-12,
87325459,BTCUSDm,buy,119025.63,119036.8,0.44,2025.08.12,2025-08-12,BUY[sl]
87325768,BTCUSDm,buy,118890.47,119036.8,5.85,2025.08.12,2025-08-12,BUY[sl]
87326913,BTCUSDm,buy,118646.2,118701.07,3.29,2025.08.12,2025-08-12,3782
87331721,BTCUSDm,buy,118532.15,118556.61,0.97,2025.08.12,2025-08-12,BUY[sl]
87333606,BTCUSDm,buy,118489.64,118556.61,2.67,2025.08.12,2025-08-12,BUY[sl]
87335397,BTCUSDm,buy,118664.56,118820.58,6.24,2025.08.12,2025-08-12,BUY[sl]
87339214,BTCUSDm,sell,118686.2,118815.04,-7.73,2025.08.12,2025-08-12,3782
87342016,BTCUSDm,sell,119029.02,118816.41,12.76,2025.08.12,2025-08-12,3782
87350650,BTCUSDm,buy,119262.05,119472.14,8.41,2025.08.12,2025-08-12,BUY[sl]
87359904,BTCUSDm,buy,119106.78,119299.27,7.7,2025.08.12,2025-08-12,BUY
87375998,BTCUSDm,buy,119813.92,119935.58,4.86,2025.08.12,2025-08-12,BUY[sl]
87378027,BTCUSDm,buy,119616.0,119717.69,4.07,2025.08.12,2025-08-12,BUY
87378261,BTCUSDm,sell,120045.69,119987.08,3.52,2025.08.12,2025-08-12,3782
87379839,BTCUSDm,buy,119680.57,119830.63,6.01,2025.08.12,2025-08-12,BUY[sl]
87381196,BTCUSDm,buy,119893.71,120052.98,6.37,2025.08.12,2025-08-12,BUY[sl]
87381800,BTCUSDm,sell,120292.24,120240.96,3.07,2025.08.12,2025-08-12,3782
87382331,XAUUSDm,sell,3350.479,3349.415,3.19,2025.08.12,2025-08-12,X-22 AZP Scal
87382652,XAUUSDm,sell,3351.163,3351.591,-1.28,2025.08.12,2025-08-12,X-22 AZP Scal
87382732,XAUUSDm,sell,3352.247,3351.545,2.1,2025.08.12,2025-08-12,X-22 AZP Scal
87382871,XAUUSDm,sell,3352.941,3351.6,4.02,2025.08.12,2025-08-12,X-22 AZP Scal
87383108,BTCUSDm,buy,119910.57,120050.44,2.8,2025.08.12,2025-08-12,BUY
87384185,XAUUSDm,buy,3348.959,3347.713,-3.74,2025.08.13,2025-08-13,X-22 AZP Scal[sl]
87384303,XAUUSDm,buy,3347.343,3347.713,1.11,2025.08.13,2025-08-13,X-22 AZP Scal[sl]
87384438,XAUUSDm,buy,3346.748,3345.952,-2.38,2025.08.13,2025-08-13,X-22 AZP Scal[sl]
87384533,XAUUSDm,buy,3345.493,3345.952,1.38,2025.08.13,2025-08-13,X-22 AZP Scal[sl]
87385067,BTCUSDm,buy,119742.32,119620.23,-7.33,2025.08.13,2025-08-13,3782
87385541,BTCUSDm,buy,119442.87,119629.98,11.23,2025.08.13,2025-08-13,3782
87386359,XAUUSDm,sell,3350.728,3349.419,3.92,2025.08.13,2025-08-13,X-22 AZP Scal
87387520,BTCUSDm,buy,119594.35,119599.51,0.1,2025.08.13,2025-08-13,BUY[sl]
87388860,BTCUSDm,buy,119582.71,119730.12,2.95,2025.08.13,2025-08-13,BUY[sl]
87389355,BTCUSDm,sell,119775.67,119746.06,1.78,2025.08.13,2025-08-13,3782
87389412,BTCUSDm,sell,119822.34,119739.97,4.94,2025.08.13,2025-08-13,3782
87391640,XAUUSDm,buy,3347.482,3347.675,0.58,2025.08.13,2025-08-13,X-22 AZP Scal[sl]
87391715,XAUUSDm,buy,3347.177,3347.435,0.78,2025.08.13,2025-08-13,X-22 AZP Scal
87391866,XAUUSDm,buy,3346.176,3347.411,3.7,2025.08.13,2025-08-13,X-22 AZP Scal
87392902,XAUUSDm,sell,3353.226,3352.204,3.07,2025.08.13,2025-08-13,X-22 AZP Scal
87393226,XAUUSDm,sell,3353.836,3354.288,-1.35,2025.08.13,2025-08-13,X-22 AZP Scal
87393380,XAUUSDm,sell,3354.539,3354.288,0.76,2025.08.13,2025-08-13,X-22 AZP Scal
87393616,BTCUSDm,buy,119256.84,119373.8,2.34,2025.08.13,2025-08-13,BUY[sl]
87393672,XAUUSDm,sell,3355.664,3354.288,4.13,2025.08.13,2025-08-13,X-22 AZP Scal
87400028,BTCUSDm,buy,119498.21,119706.15,4.16,2025.08.13,2025-08-13,BUY[sl]
87400121,BTCUSDm,sell,119589.47,119534.63,3.29,2025.08.13,2025-08-13,3782
87402245,BTCUSDm,sell,119711.69,120980.03,-76.1,2025.08.13,2025-08-13,3782
87406179,XAUUSDm,sell,3362.945,3361.916,3.09,2025.08.13,2025-08-13,X-22 AZP Scal
87410489,BTCUSDm,buy,120050.35,120297.68,4.94,2025.08.13,2025-08-13,BUY[sl]
87412137,BTCUSDm,sell,120387.06,120980.03,-35.58,2025.08.13,2025-08-13,3782
87416261,XAUUSDm,buy,3361.237,3363.317,2.08,2025.08.13,2025-08-13,X-22 AZP Scal[sl]
87421766,BTCUSDm,buy,120549.6,120603.17,1.07,2025.08.13,2025-08-13,BUY[sl]
87426429,BTCUSDm,buy,120563.8,120603.17,0.78,2025.08.13,2025-08-13,BUY[sl]
87429347,BTCUSDm,sell,121050.53,121003.38,2.83,2025.08.13,2025-08-13,3782
87429948,XAUUSDm,sell,3365.516,3365.05,0.47,2025.08.13,2025-08-13,X-22 AZP Scal
87430364,BTCUSDm,sell,121839.42,120992.95,50.79,2025.08.13,2025-08-13,3782
87430752,XAUUSDm,sell,3366.47,3365.05,1.42,2025.08.13,2025-08-13,X-22 AZP Scal
87431188,XAUUSDm,sell,3368.164,3365.05,3.11,2025.08.13,2025-08-13,X-22 AZP Scal
87431264,BTCUSDm,sell,122128.31,120994.98,68.0,2025.08.13,2025-08-13,3782
87436801,XAUUSDm,buy,3357.398,3357.04,-0.36,2025.08.13,2025-08-13,X-22 AZP Scal[sl]
87437262,XAUUSDm,buy,3356.391,3357.04,0.65,2025.08.13,2025-08-13,X-22 AZP Scal[sl]
87441198,BTCUSDm,buy,121355.48,121732.79,7.55,2025.08.13,2025-08-13,BUY[sl]
87441685,BTCUSDm,sell,121148.67,121541.7,-15.72,2025.08.13,2025-08-14,
87445515,XAUUSDm,buy,3355.988,3353.856,-2.13,2025.08.13,2025-08-13,X-22 AZP Scal[sl]
87445598,XAUUSDm,buy,3355.332,3353.856,-1.47,2025.08.13,2025-08-13,X-22 AZP Scal[sl]
87445851,XAUUSDm,buy,3354.524,3353.856,-0.66,2025.08.13,2025-08-13,X-22 AZP Scal[sl]
87447025,BTCUSDm,sell,121776.25,121545.83,9.22,2025.08.13,2025-08-14,
87449558,BTCUSDm,sell,122110.0,122060.72,2.96,2025.08.13,2025-08-13,3782
87449801,XAUUSDm,sell,3356.297,3365.601,-9.3,2025.08.13,2025-08-14,X-22 AZP Scal
87449942,BTCUSDm,sell,122511.18,122443.04,4.09,2025.08.13,2025-08-13,3782
87453247,BTCUSDm,sell,122810.06,121539.0,50.84,2025.08.13,2025-08-14,
87454786,BTCUSDm,sell,123320.82,123273.29,2.85,2025.08.13,2025-08-13,3782
87455167,XAUUSDm,sell,3359.075,3365.633,-26.23,2025.08.13,2025-08-14,X-22 AZP Scal
87455250,XAUUSDm,sell,3359.867,3365.665,-23.19,2025.08.13,2025-08-14,X-22 AZP Scal
87455408,XAUUSDm,sell,3360.75,3365.663,-19.65,2025.08.13,2025-08-14,X-22 AZP Scal
87456529,XAUUSDm,sell,3365.468,3365.663,-0.78,2025.08.14,2025-08-14,X-22 AZP Scal
87456703,XAUUSDm,sell,3366.197,3365.663,2.14,2025.08.14,2025-08-14,X-22 AZP Scal
87456877,XAUUSDm,sell,3367.465,3365.663,7.21,2025.08.14,2025-08-14,X-22 AZP Scal
87457192,XAUUSDm,sell,3370.101,3365.671,17.72,2025.08.14,2025-08-14,X-22 AZP Scal
87457322,XAUUSDm,sell,3371.719,3365.671,24.2,2025.08.14,2025-08-14,X-22 AZP Scal
87457483,XAUUSDm,sell,3373.527,3365.671,31.43,2025.08.14,2025-08-14,X-22 AZP Scal
87461163,XAUUSDm,buy,3363.633,3363.964,1.33,2025.08.14,2025-08-14,X-22 AZP Scal[sl]
87461234,XAUUSDm,buy,3362.944,3362.937,-0.03,2025.08.14,2025-08-14,X-22 AZP Scal[sl]
87461426,BTCUSDm,sell,123824.83,123682.17,5.7,2025.08.14,2025-08-14,
87461442,XAUUSDm,buy,3361.242,3360.265,-3.91,2025.08.14,2025-08-14,X-22 AZP Scal[sl]
87461576,XAUUSDm,buy,3359.951,3360.289,1.36,2025.08.14,2025-08-14,X-22 AZP Scal[sl]
87461709,XAUUSDm,buy,3358.755,3359.091,1.34,2025.08.14,2025-08-14,X-22 AZP Scal
87461791,XAUUSDm,buy,3358.43,3359.091,0.66,2025.08.14,2025-08-14,X-22 AZP Scal
87461815,XAUUSDm,buy,3357.253,3359.104,1.85,2025.08.14,2025-08-14,X-22 AZP Scal
87461913,BTCUSDm,sell,123658.18,123239.0,16.77,2025.08.14,2025-08-14,
87463181,BTCUSDm,buy,123233.87,123291.58,3.46,2025.08.14,2025-08-14,3782
87465820,BTCUSDm,buy,122709.41,122753.99,2.68,2025.08.14,2025-08-14,3782
87465869,XAUUSDm,buy,3357.654,3358.868,1.22,2025.08.14,2025-08-14,X-22 AZP Scal[sl]
87466530,BTCUSDm,buy,122378.25,121505.24,-52.39,2025.08.14,2025-08-14,3782
87466723,BTCUSDm,buy,122176.52,121509.46,-40.02,2025.08.14,2025-08-14,3782
87469685,XAUUSDm,sell,3361.279,3358.217,3.06,2025.08.14,2025-08-14,X-22 AZP Scal
87473967,XAUUSDm,buy,3353.892,3357.193,3.3,2025.08.14,2025-08-14,X-22 AZP Scal
87476508,XAUUSDm,buy,3350.982,3349.002,-1.98,2025.08.14,2025-08-14,X-22 AZP Scal[sl]
87477806,XAUUSDm,buy,3347.846,3349.002,1.15,2025.08.14,2025-08-14,X-22 AZP Scal[sl]
87484746,XAUUSDm,sell,3357.536,3354.435,3.1,2025.08.14,2025-08-14,X-22 AZP Scal
87489645,BTCUSDm,sell,121747.15,121714.09,2.31,2025.08.14,2025-08-14,
87490216,BTCUSDm,buy,121752.86,120014.84,-17.38,2025.08.14,2025-08-14,BUY
87491217,BTCUSDm,buy,121600.16,120028.68,-15.71,2025.08.14,2025-08-14,BUY
87492059,BTCUSDm,buy,121233.98,121267.49,1.0,2025.08.14,2025-08-14,3782
87492430,BTCUSDm,buy,121141.57,121246.7,3.15,2025.08.14,2025-08-14,3782
87494120,BTCUSDm,sell,120937.75,120079.17,34.34,2025.08.14,2025-08-14,
87497489,BTCUSDm,buy,120609.56,120722.24,3.38,2025.08.14,2025-08-14,3782
87497975,XAUUSDm,buy,3351.155,3352.668,1.51,2025.08.14,2025-08-14,X-22 AZP Scal
87512257,BTCUSDm,buy,118501.04,118542.9,0.42,2025.08.14,2025-08-14,BUY[sl]
87513632,XAUUSDm,buy,3336.732,3339.036,2.31,2025.08.14,2025-08-14,X-22 AZP Scal[sl]
87515763,BTCUSDm,buy,118916.02,119080.99,1.65,2025.08.14,2025-08-14,BUY
87525135,BTCUSDm,buy,118203.98,118222.8,0.19,2025.08.14,2025-08-14,BUY
87526009,XAUUSDm,buy,3334.056,3332.891,-1.17,2025.08.14,2025-08-14,X-22 AZP Scal[sl]
87526799,XAUUSDm,buy,3333.179,3332.891,-0.29,2025.08.14,2025-08-14,X-22 AZP Scal[sl]
87527921,XAUUSDm,buy,3331.104,3332.891,1.79,2025.08.14,2025-08-14,X-22 AZP Scal[sl]
87533263,BTCUSDm,buy,117338.23,117433.55,2.86,2025.08.14,2025-08-14,3782
87533752,BTCUSDm,buy,118050.13,118213.5,1.64,2025.08.14,2025-08-14,BUY
87533796,XAUUSDm,sell,3338.759,3339.081,-0.32,2025.08.14,2025-08-14,X-22 AZP Scal
87534786,XAUUSDm,sell,3340.169,3339.706,0.46,2025.08.14,2025-08-14,X-22 AZP Scal
87534995,XAUUSDm,sell,3340.806,3339.66,1.15,2025.08.14,2025-08-14,X-22 AZP Scal
87535821,BTCUSDm,buy,118269.09,118111.69,-1.57,2025.08.14,2025-08-14,BUY
87536536,XAUUSDm,buy,3335.445,3337.396,1.95,2025.08.14,2025-08-14,X-22 AZP Scal[sl]
87536884,BTCUSDm,buy,118191.23,118111.51,-0.79,2025.08.14,2025-08-14,BUY
87537295,BTCUSDm,buy,118203.51,118111.49,-0.93,2025.08.14,2025-08-14,BUY
87537447,BTCUSDm,buy,117531.03,117635.48,3.13,2025.08.14,2025-08-14,3782
87537511,BTCUSDm,buy,117436.57,117539.21,3.08,2025.08.14,2025-08-14,3782
87537678,BTCUSDm,buy,117967.78,118111.47,1.43,2025.08.14,2025-08-14,BUY
87538112,BTCUSDm,buy,117776.43,118112.88,3.37,2025.08.14,2025-08-14,BUY
87538319,BTCUSDm,sell,118104.57,117875.42,16.04,2025.08.14,2025-08-15,
87540812,BTCUSDm,buy,118335.47,118415.79,0.81,2025.08.15,2025-08-15,BUY[sl]
87541073,BTCUSDm,buy,118286.42,118415.79,1.3,2025.08.15,2025-08-15,BUY[sl]
87541544,BTCUSDm,buy,118515.02,118698.74,1.84,2025.08.15,2025-08-15,BUY[sl]
87541894,BTCUSDm,sell,118692.91,118876.04,-3.66,2025.08.15,2025-08-15,3782
87542292,BTCUSDm,sell,118820.72,118868.97,-0.97,2025.08.15,2025-08-15,3782
87544094,BTCUSDm,buy,119020.37,119168.39,1.48,2025.08.15,2025-08-15,BUY
87544144,BTCUSDm,buy,118988.88,119152.14,1.63,2025.08.15,2025-08-15,BUY
87544495,BTCUSDm,sell,119170.1,118860.12,6.2,2025.08.15,2025-08-15,3782
87554265,BTCUSDm,buy,119055.79,119211.36,1.55,2025.08.15,2025-08-15,BUY
87557144,BTCUSDm,sell,119195.95,118996.28,13.98,2025.08.15,2025-08-15,
87558547,BTCUSDm,sell,119031.68,118935.37,3.86,2025.08.15,2025-08-15,[tp]
87560050,BTCUSDm,buy,118927.0,118955.7,1.15,2025.08.15,2025-08-15,[tp]
87560577,BTCUSDm,buy,118781.62,118930.2,2.97,2025.08.15,2025-08-15,3782
87561207,BTCUSDm,buy,118817.94,118890.8,2.91,2025.08.15,2025-08-15,[tp]
87565145,BTCUSDm,sell,119149.63,118698.07,18.07,2025.08.15,2025-08-15,[tp]
87565173,BTCUSDm,buy,119179.28,117816.64,-13.62,2025.08.15,2025-08-15,BUY
87568206,BTCUSDm,buy,118901.82,118957.11,0.55,2025.08.15,2025-08-15,3782
87568476,BTCUSDm,buy,118844.21,118947.87,1.04,2025.08.15,2025-08-15,3782
87568650,BTCUSDm,buy,118747.14,118951.6,2.05,2025.08.15,2025-08-15,3782
87570612,BTCUSDm,buy,118632.69,118393.8,-2.39,2025.08.15,2025-08-17,3782
87577154,BTCUSDm,buy,117864.77,118100.0,4.7,2025.08.15,2025-08-15,[tp]
87579420,BTCUSDm,buy,118219.47,118286.21,0.67,2025.08.15,2025-08-17,BUY
87583652,BTCUSDm,buy,117356.38,117614.65,2.59,2025.08.15,2025-08-15,BUY
87584861,BTCUSDm,buy,117190.83,117412.04,2.21,2025.08.15,2025-08-15,BUY
87586259,BTCUSDm,buy,117251.48,117425.09,1.74,2025.08.15,2025-08-15,BUY
87588123,BTCUSDm,buy,117610.43,117694.49,0.84,2025.08.15,2025-08-15,BUY[sl]
87590832,BTCUSDm,buy,117214.27,117331.68,1.18,2025.08.15,2025-08-15,BUY
87591124,BTCUSDm,buy,116951.43,117769.5,32.72,2025.08.15,2025-08-15,
87591160,BTCUSDm,sell,116937.63,115600.0,53.51,2025.08.15,2025-08-18,[tp]
87591491,BTCUSDm,buy,117202.96,117311.26,1.08,2025.08.15,2025-08-15,BUY
87592186,BTCUSDm,buy,117287.76,117552.34,2.64,2025.08.15,2025-08-15,BUY
87592934,BTCUSDm,buy,117342.4,117482.5,1.41,2025.08.15,2025-08-16,BUY[sl]
87593463,BTCUSDm,buy,117886.5,118115.86,2.29,2025.08.16,2025-08-17,BUY[sl]
87593690,BTCUSDm,buy,117712.53,117784.22,0.71,2025.08.16,2025-08-16,BUY[sl]
87593866,BTCUSDm,buy,117744.53,117784.22,0.39,2025.08.16,2025-08-16,BUY[sl]
87594363,BTCUSDm,buy,117564.92,118000.0,17.4,2025.08.16,2025-08-17,[tp]
87594671,BTCUSDm,buy,117577.62,117660.89,0.83,2025.08.16,2025-08-16,BUY[sl]
87595167,BTCUSDm,buy,117711.62,117739.06,0.27,2025.08.16,2025-08-16,BUY[sl]
87595603,BTCUSDm,buy,117488.59,117550.21,1.85,2025.08.16,2025-08-16,3782
87595625,BTCUSDm,buy,117398.8,117556.0,4.72,2025.08.16,2025-08-16,3782
87595997,BTCUSDm,buy,117410.12,117526.56,1.17,2025.08.16,2025-08-16,BUY
87596589,BTCUSDm,buy,117527.38,117695.53,1.69,2025.08.16,2025-08-16,BUY[sl]
87597754,BTCUSDm,buy,117856.63,118115.86,2.59,2025.08.16,2025-08-17,BUY[sl]
87597922,BTCUSDm,buy,117819.42,118115.86,2.97,2025.08.16,2025-08-17,BUY[sl]
87598218,BTCUSDm,buy,117796.53,118000.0,20.35,2025.08.16,2025-08-17,[tp]
87598330,BTCUSDm,buy,117801.09,118115.86,3.15,2025.08.16,2025-08-17,BUY[sl]
87598551,BTCUSDm,buy,117779.23,118065.37,2.86,2025.08.16,2025-08-17,BUY
87598831,BTCUSDm,buy,117729.94,117837.72,1.08,2025.08.16,2025-08-17,BUY
87599054,BTCUSDm,buy,117537.33,117698.42,4.83,2025.08.16,2025-08-17,3782
87599369,BTCUSDm,buy,117521.71,117527.11,0.05,2025.08.16,2025-08-17,BUY[sl]
87599631,BTCUSDm,buy,117515.06,117527.11,0.12,2025.08.16,2025-08-17,BUY[sl]
87599927,BTCUSDm,buy,117375.04,117421.39,0.46,2025.08.17,2025-08-17,BUY[sl]
87600581,BTCUSDm,buy,118180.16,118393.35,8.52,2025.08.17,2025-08-17,
87600584,BTCUSDm,sell,118123.74,118115.81,0.32,2025.08.17,2025-08-17,
87601067,BTCUSDm,buy,118197.22,118403.38,6.18,2025.08.17,2025-08-17,BUY
87601369,BTCUSDm,buy,118097.27,118405.08,9.23,2025.08.17,2025-08-17,BUY
87601694,BTCUSDm,buy,118082.17,118407.14,9.74,2025.08.17,2025-08-17,BUY
87601970,BTCUSDm,sell,118358.59,118380.32,-0.87,2025.08.17,2025-08-17,
87602205,BTCUSDm,buy,118335.17,118365.44,1.21,2025.08.17,2025-08-17,[tp]
87602215,BTCUSDm,sell,118323.25,118452.43,-1.29,2025.08.17,2025-08-17,SELL[sl]
87602555,BTCUSDm,buy,118358.61,118380.36,0.65,2025.08.17,2025-08-17,BUY[sl]
87602932,BTCUSDm,buy,118384.37,118482.52,2.95,2025.08.17,2025-08-17,BUY[sl]
87603185,BTCUSDm,buy,118216.62,118392.21,5.27,2025.08.17,2025-08-17,3782
87603479,BTCUSDm,buy,118279.09,118373.25,2.83,2025.08.17,2025-08-17,BUY
87603696,BTCUSDm,sell,118540.55,118428.35,3.37,2025.08.17,2025-08-17,3782
87604533,BTCUSDm,buy,118132.55,118237.0,3.13,2025.08.17,2025-08-17,3782
87605296,BTCUSDm,buy,117964.46,117979.92,0.47,2025.08.17,2025-08-17,BUY[sl]
87605741,BTCUSDm,buy,117654.72,117766.15,3.34,2025.08.17,2025-08-17,3782
87606131,BTCUSDm,buy,117787.13,117811.57,0.74,2025.08.17,2025-08-17,BUY[sl]
87606505,BTCUSDm,buy,117732.83,117740.74,0.24,2025.08.17,2025-08-17,BUY[sl]
87606988,BTCUSDm,sell,117832.01,117792.45,1.19,2025.08.17,2025-08-17,3782
87607210,BTCUSDm,sell,117863.38,117786.86,2.29,2025.08.17,2025-08-17,3782
87609082,BTCUSDm,sell,117881.07,117897.62,-0.5,2025.08.17,2025-08-17,3782
87610068,BTCUSDm,sell,118015.46,117897.47,3.54,2025.08.17,2025-08-17,3782
87616636,BTCUSDm,buy,116589.3,116645.86,1.7,2025.08.18,2025-08-18,3782
87620687,BTCUSDm,buy,115330.78,115417.54,2.61,2025.08.18,2025-08-18,BUY
87624866,BTCUSDm,buy,115635.89,115667.31,0.94,2025.08.18,2025-08-18,BUY[sl]
87627856,BTCUSDm,buy,115540.48,115667.31,3.81,2025.08.18,2025-08-18,BUY[sl]
87631208,BTCUSDm,buy,115342.49,115513.46,5.13,2025.08.18,2025-08-18,BUY[sl]
87634176,BTCUSDm,buy,115391.59,115513.46,3.65,2025.08.18,2025-08-18,BUY[sl]
87638795,BTCUSDm,sell,114846.89,115081.96,-7.05,2025.08.18,2025-08-19,
87639382,BTCUSDm,buy,115148.62,115225.86,2.32,2025.08.18,2025-08-18,BUY[sl]
87660706,BTCUSDm,buy,115495.11,115696.3,6.04,2025.08.18,2025-08-18,BUY
87669749,BTCUSDm,buy,116128.1,116426.91,8.97,2025.08.18,2025-08-18,BUY[sl]
87672478,BTCUSDm,buy,116462.22,116543.45,2.43,2025.08.18,2025-08-18,BUY[sl]
87674240,BTCUSDm,sell,116365.0,115091.03,38.22,2025.08.18,2025-08-19,
87675131,BTCUSDm,buy,116369.04,116449.81,2.42,2025.08.18,2025-08-18,BUY[sl]
87675878,BTCUSDm,buy,116539.12,116577.66,1.16,2025.08.18,2025-08-18,BUY[sl]
87678416,BTCUSDm,buy,116351.51,116547.66,5.88,2025.08.19,2025-08-19,BUY[sl]
87679060,BTCUSDm,buy,115922.92,116151.49,6.85,2025.08.19,2025-08-19,3782
87679695,BTCUSDm,buy,116469.63,116547.66,2.34,2025.08.19,2025-08-19,BUY[sl]
87682678,BTCUSDm,buy,115946.36,115948.99,0.08,2025.08.19,2025-08-19,BUY[sl]
87683448,BTCUSDm,buy,115559.83,115614.39,1.64,2025.08.19,2025-08-19,3782
87684254,BTCUSDm,buy,115203.53,115609.66,12.18,2025.08.19,2025-08-19,3782
87685863,BTCUSDm,buy,114952.56,114994.33,1.25,2025.08.19,2025-08-19,BUY[sl]
87689894,BTCUSDm,buy,115141.72,115270.4,3.86,2025.08.19,2025-08-19,BUY[sl]
87694457,BTCUSDm,buy,114726.97,115053.65,9.8,2025.08.19,2025-08-19,3782
87694706,BTCUSDm,buy,114677.15,115032.91,10.68,2025.08.19,2025-08-19,3782
87695614,BTCUSDm,buy,114964.75,114975.84,0.34,2025.08.19,2025-08-19,BUY[sl]
87701615,BTCUSDm,buy,115140.6,115270.4,3.89,2025.08.19,2025-08-19,BUY[sl]
87713967,BTCUSDm,buy,115468.18,115503.05,1.04,2025.08.19,2025-08-19,BUY[sl]
87717807,BTCUSDm,buy,115604.85,115732.21,3.82,2025.08.19,2025-08-19,BUY[sl]
87724546,BTCUSDm,buy,115544.93,115575.13,0.9,2025.08.19,2025-08-19,BUY[sl]
87728995,BTCUSDm,buy,115641.9,115732.21,2.71,2025.08.19,2025-08-19,BUY[sl]
87729549,BTCUSDm,buy,115587.82,115732.21,4.34,2025.08.19,2025-08-19,BUY[sl]
87734822,BTCUSDm,buy,115216.85,115367.53,4.52,2025.08.19,2025-08-19,3782
87734986,BTCUSDm,buy,115135.7,115327.24,5.75,2025.08.19,2025-08-19,3782
87735961,BTCUSDm,buy,114989.65,115286.21,8.9,2025.08.19,2025-08-19,3782
87740621,BTCUSDm,buy_stop,114416.77,114185.25,0.0,2025.08.19,2025-08-19,cancelled
87759485,BTCUSDm,buy,113021.47,113379.68,10.75,2025.08.19,2025-08-19,3782
87762819,BTCUSDm,buy,113331.92,113398.95,2.01,2025.08.19,2025-08-19,BUY[sl]
87754045,BTCUSDm,buy,113446.72,113566.79,3.6,2025.08.19,2025-08-20,3782
87766281,BTCUSDm,buy,113493.0,113571.0,2.34,2025.08.19,2025-08-20,BUY[sl]
87766424,BTCUSDm,buy,113244.79,113307.8,1.89,2025.08.19,2025-08-20,3782
87766503,BTCUSDm,buy,113197.55,113273.83,2.28,2025.08.19,2025-08-20,3782
87766592,BTCUSDm,buy,113122.13,113273.8,4.55,2025.08.19,2025-08-20,3782
87768302,BTCUSDm,buy,112950.2,113091.5,4.24,2025.08.19,2025-08-20,BUY[sl]
87768732,BTCUSDm,buy,113163.63,113170.23,0.2,2025.08.20,2025-08-20,BUY[sl]
87772567,BTCUSDm,buy_stop,112716.22,112609.85,0.0,2025.08.20,2025-08-20,cancelled
87773224,BTCUSDm,buy,112989.38,113274.32,8.55,2025.08.20,2025-08-20,BUY
87776979,BTCUSDm,buy,113633.93,113697.87,1.92,2025.08.20,2025-08-20,BUY
87778253,BTCUSDm,buy,113552.31,113701.94,4.49,2025.08.20,2025-08-20,BUY
87778989,BTCUSDm,buy,113625.03,113704.09,2.37,2025.08.20,2025-08-20,BUY
87787836,BTCUSDm,buy,113425.56,113877.99,4.52,2025.08.20,2025-08-20,3782
87787474,BTCUSDm,buy,113471.86,113875.52,4.04,2025.08.20,2025-08-20,3782
87798549,BTCUSDm,buy,113182.97,113832.64,6.5,2025.08.20,2025-08-20,3782
87798015,BTCUSDm,buy,113383.36,113867.37,4.84,2025.08.20,2025-08-20,3782
87747921,BTCUSDm,buy,114102.13,114412.79,9.32,2025.08.19,2025-08-20,BUY[tp]
87812656,BTCUSDm,buy,112654.53,113585.57,9.31,2025.08.20,2025-08-20,3782
87830423,BTCUSDm,buy,114247.06,114357.09,4.4,2025.08.20,2025-08-20,BUY
87566709,BTCUSDm,buy,119160.73,110324.57,-88.36,2025.08.15,2025-08-25,BUY
87566912,BTCUSDm,buy,119107.14,110059.28,-90.48,2025.08.15,2025-08-25,BUY
87602905,BTCUSDm,buy,117000.0,117053.84,1.62,2025.08.18,2025-08-22,
87604358,BTCUSDm,buy,118247.61,110393.77,-235.62,2025.08.17,2025-08-25,
87604419,BTCUSDm,buy,118308.96,110177.91,-243.93,2025.08.17,2025-08-25,BUY
87611620,BTCUSDm,buy,117599.44,110360.67,-217.16,2025.08.17,2025-08-25,3782
87615214,BTCUSDm,buy,117383.33,110300.24,-212.49,2025.08.18,2025-08-25,BUY
87740065,BTCUSDm,buy,114640.01,114750.56,3.32,2025.08.19,2025-08-22,
87845265,BTCUSDm,buy,113946.44,114172.4,9.04,2025.08.21,2025-08-22,BUY
87846467,BTCUSDm,buy,113881.72,113920.63,1.56,2025.08.21,2025-08-21,BUY[sl]
87849320,BTCUSDm,buy,113779.91,113833.79,2.15,2025.08.21,2025-08-21,BUY[sl]
87852241,BTCUSDm,buy,113905.05,113907.63,0.11,2025.08.21,2025-08-21,BUY[sl]
87859949,BTCUSDm,buy,113581.65,113689.0,4.29,2025.08.21,2025-08-21,BUY[tp]
87862306,BTCUSDm,buy,113454.17,113473.33,0.57,2025.08.21,2025-08-21,BUY[sl]
87862610,BTCUSDm,buy,113417.74,113428.59,0.33,2025.08.21,2025-08-21,BUY[sl]
87866790,BTCUSDm,buy,113499.77,113515.38,0.47,2025.08.21,2025-08-21,BUY[sl]
87877228,BTCUSDm,buy,113163.37,113282.93,3.59,2025.08.21,2025-08-21,BUY
87882003,BTCUSDm,buy,113754.66,113800.0,0.45,2025.08.21,2025-08-21,[tp]
87889409,BTCUSDm,buy,112749.96,112788.21,1.15,2025.08.21,2025-08-22,
87890302,BTCUSDm,buy,112739.06,112807.3,2.05,2025.08.21,2025-08-22,BUY[sl]
87891258,BTCUSDm,buy,112353.43,112542.82,1.9,2025.08.21,2025-08-21,3782
87891585,BTCUSDm,buy,112265.75,112481.55,2.16,2025.08.21,2025-08-21,3782
87892673,BTCUSDm,buy,112514.4,112633.7,3.58,2025.08.21,2025-08-21,BUY[sl]
87894207,BTCUSDm,buy,112520.17,112633.7,3.4,2025.08.21,2025-08-21,BUY[sl]
87896594,BTCUSDm,buy,112273.72,112279.65,0.18,2025.08.21,2025-08-21,BUY[sl]
87897418,BTCUSDm,buy,112547.69,112617.0,2.08,2025.08.21,2025-08-21,BUY[sl]
87897933,BTCUSDm,buy,112537.15,112569.01,0.96,2025.08.21,2025-08-21,BUY
87898026,BTCUSDm,buy,112548.24,112605.45,1.71,2025.08.21,2025-08-21,BUY
87899097,BTCUSDm,sell,112290.52,112424.93,-1.34,2025.08.21,2025-08-21,SELL[sl]
87899137,BTCUSDm,buy,112414.57,112443.19,0.57,2025.08.21,2025-08-22,BUY[sl]
87900284,BTCUSDm,sell,112548.5,112402.43,1.47,2025.08.22,2025-08-22,SELL[sl]
87900862,BTCUSDm,buy,112750.0,112807.3,1.15,2025.08.22,2025-08-22,BUY[sl]
87902314,BTCUSDm,sell,113254.4,113191.99,0.62,2025.08.22,2025-08-22,SELL[sl]
87902869,BTCUSDm,buy,113224.04,113276.2,1.04,2025.08.22,2025-08-22,BUY
87902944,BTCUSDm,sell,113167.16,112960.68,2.06,2025.08.22,2025-08-22,SELL[sl]
87904213,BTCUSDm,buy,113204.48,113300.74,1.92,2025.08.22,2025-08-22,BUY
87904912,BTCUSDm,sell,113042.72,112858.47,1.85,2025.08.22,2025-08-22,SELL[sl]
87905889,BTCUSDm,buy,112888.54,113092.29,4.08,2025.08.22,2025-08-22,BUY
87908841,BTCUSDm,sell,112949.46,113079.46,-1.3,2025.08.22,2025-08-22,SELL[sl]
87910969,BTCUSDm,buy,113157.54,113165.14,0.15,2025.08.22,2025-08-22,BUY[sl]
87916145,BTCUSDm,sell,113053.64,113183.41,-1.29,2025.08.22,2025-08-22,SELL[sl]
87917123,BTCUSDm,buy,113238.3,113651.03,8.25,2025.08.22,2025-08-22,BUY
87918544,BTCUSDm,sell,113030.79,113001.15,0.3,2025.08.22,2025-08-22,SELL[sl]
87922003,BTCUSDm,buy,112878.08,113035.96,3.16,2025.08.22,2025-08-22,BUY[sl]
87923022,BTCUSDm,sell,112732.59,112711.99,0.21,2025.08.22,2025-08-22,SELL[sl]
87926319,BTCUSDm,buy,112332.12,112536.49,4.09,2025.08.22,2025-08-22,BUY[sl]
87927045,BTCUSDm,sell,112082.58,112051.48,0.32,2025.08.22,2025-08-22,SELL[sl]
87929815,BTCUSDm,buy,112596.9,113656.25,21.19,2025.08.22,2025-08-22,BUY
87935690,BTCUSDm,sell,114076.57,113846.1,9.22,2025.08.22,2025-08-24,[tp]
87936082,BTCUSDm,sell,114740.96,114645.57,0.95,2025.08.22,2025-08-23,
87952026,BTCUSDm,sell,116700.21,116826.6,-1.27,2025.08.22,2025-08-22,SELL[sl]
87952247,BTCUSDm,buy,117021.94,117332.87,6.22,2025.08.22,2025-08-22,BUY[sl]
87953002,BTCUSDm,sell,116871.1,116689.33,1.82,2025.08.22,2025-08-22,
87953072,BTCUSDm,sell,117099.65,116853.38,2.47,2025.08.22,2025-08-22,SELL[sl]
87953834,BTCUSDm,buy,116840.2,116886.28,0.93,2025.08.22,2025-08-22,BUY
87954549,BTCUSDm,buy,116833.74,116872.41,0.78,2025.08.22,2025-08-22,BUY
87954969,BTCUSDm,sell,116888.75,117019.4,-1.3,2025.08.22,2025-08-22,SELL[sl]
87955065,BTCUSDm,buy,117042.71,117066.96,0.24,2025.08.22,2025-08-22,BUY[sl]
87955096,BTCUSDm,buy,116879.7,116900.12,0.2,2025.08.22,2025-08-22,BUY[sl]
87955116,BTCUSDm,sell,116892.89,117023.58,-1.31,2025.08.22,2025-08-22,SELL[sl]
87955252,BTCUSDm,sell,116932.93,116796.81,1.36,2025.08.22,2025-08-22,SELL
87955290,BTCUSDm,buy,116715.83,110319.06,-127.94,2025.08.22,2025-08-25,3782
87955497,BTCUSDm,buy,116734.62,116837.53,1.03,2025.08.22,2025-08-22,BUY[sl]
87955551,BTCUSDm,sell,116699.55,116829.4,-1.29,2025.08.22,2025-08-22,SELL[sl]
87955639,BTCUSDm,buy,116766.63,116837.53,0.71,2025.08.22,2025-08-22,BUY[sl]
87955829,BTCUSDm,sell,116705.76,116805.29,-0.99,2025.08.23,2025-08-23,SELL[sl]
87955921,BTCUSDm,buy,116974.68,110038.4,-69.37,2025.08.23,2025-08-25,BUY
87956043,BTCUSDm,sell,116828.03,116803.76,0.24,2025.08.23,2025-08-23,SELL[sl]
87956145,BTCUSDm,buy,116470.36,110311.11,-184.78,2025.08.23,2025-08-25,3782
87956288,BTCUSDm,buy,115900.7,110296.13,-168.14,2025.08.23,2025-08-25,3782
87956320,BTCUSDm,buy,115779.18,115852.72,2.2,2025.08.23,2025-08-23,3782
87956474,BTCUSDm,buy,115912.3,115924.88,0.13,2025.08.23,2025-08-23,BUY[sl]
87956519,BTCUSDm,buy,115721.58,115883.4,1.61,2025.08.23,2025-08-23,BUY[sl]
87956583,BTCUSDm,sell,115681.69,115551.48,1.31,2025.08.23,2025-08-23,SELL[sl]
87956806,BTCUSDm,buy,115685.31,115834.35,1.49,2025.08.23,2025-08-23,BUY[sl]
87957086,BTCUSDm,sell,115843.69,115974.71,-1.31,2025.08.23,2025-08-23,SELL[sl]
87957169,BTCUSDm,sell,115911.26,115785.75,1.25,2025.08.23,2025-08-23,SELL[sl]
87957186,BTCUSDm,sell,115928.94,115785.75,1.43,2025.08.23,2025-08-23,SELL[sl]
87957617,BTCUSDm,buy,115676.51,115770.88,2.83,2025.08.23,2025-08-23,
87957658,BTCUSDm,buy,115818.42,110265.5,-55.52,2025.08.23,2025-08-25,BUY
87957772,BTCUSDm,sell,115619.32,115765.73,-1.47,2025.08.23,2025-08-23,SELL[sl]
87959355,BTCUSDm,buy,115834.27,110250.02,-55.84,2025.08.23,2025-08-25,BUY
87959583,BTCUSDm,sell,115567.38,115697.45,-1.3,2025.08.23,2025-08-23,SELL[sl]
87959799,BTCUSDm,buy,115731.63,110248.9,-54.83,2025.08.23,2025-08-25,BUY
87959868,BTCUSDm,buy,115645.06,110235.78,-162.28,2025.08.23,2025-08-25,
87960711,BTCUSDm,buy,115339.84,115350.06,0.2,2025.08.23,2025-08-23,BUY[sl]
87961147,BTCUSDm,buy,114980.07,115118.98,4.17,2025.08.23,2025-08-23,3782
87961202,BTCUSDm,buy,114918.37,114996.96,2.36,2025.08.23,2025-08-23,3782
87962522,BTCUSDm,buy,114959.14,115033.62,1.49,2025.08.23,2025-08-23,BUY[sl]
87963108,BTCUSDm,buy,114687.95,114829.94,5.68,2025.08.23,2025-08-23,
87963563,BTCUSDm,buy,114764.53,115026.46,10.48,2025.08.23,2025-08-23,
87963631,BTCUSDm,buy,114846.57,115033.62,3.74,2025.08.23,2025-08-23,BUY[sl]
87963660,BTCUSDm,buy,114806.76,115033.62,4.53,2025.08.23,2025-08-23,BUY[sl]
87964451,BTCUSDm,buy,115070.3,115073.48,0.06,2025.08.23,2025-08-23,BUY[sl]
87965452,BTCUSDm,buy,115144.39,115161.62,0.34,2025.08.23,2025-08-23,BUY[sl]
87966008,BTCUSDm,buy,115094.55,115196.08,3.04,2025.08.23,2025-08-23,
87966107,BTCUSDm,buy,115178.07,115230.25,1.05,2025.08.23,2025-08-23,BUY[sl]
87966130,BTCUSDm,buy,114991.56,115118.67,2.54,2025.08.23,2025-08-23,BUY
87966366,BTCUSDm,buy,115301.14,115325.26,0.49,2025.08.23,2025-08-24,BUY[sl]
87966608,BTCUSDm,buy,115164.29,110203.37,-148.83,2025.08.24,2025-08-25,3782
87966691,BTCUSDm,buy,115459.66,115522.97,1.27,2025.08.24,2025-08-24,BUY[sl]
87967152,BTCUSDm,buy,115083.06,115172.77,1.8,2025.08.24,2025-08-24,BUY
87967160,BTCUSDm,buy,114988.92,115115.32,3.79,2025.08.24,2025-08-24,
87967166,BTCUSDm,buy,115004.87,115119.9,2.3,2025.08.24,2025-08-24,BUY
87967426,BTCUSDm,buy,115161.2,110194.2,-99.34,2025.08.24,2025-08-25,BUY
87967536,BTCUSDm,buy,114928.27,115000.0,2.15,2025.08.24,2025-08-24,3782[tp]
87967903,BTCUSDm,buy,114975.36,110174.67,-96.02,2025.08.24,2025-08-25,BUY
87968131,BTCUSDm,buy,114933.84,114949.84,0.32,2025.08.24,2025-08-24,BUY[sl]
87968469,BTCUSDm,buy,114791.25,114980.0,5.66,2025.08.24,2025-08-24,[tp]
87968807,BTCUSDm,buy,114900.27,114907.01,0.13,2025.08.24,2025-08-24,BUY[sl]
87969067,BTCUSDm,buy,114793.68,114876.3,2.48,2025.08.24,2025-08-24,
87969370,BTCUSDm,buy,114927.46,110039.63,-97.76,2025.08.24,2025-08-25,BUY
87969654,BTCUSDm,buy,114659.44,114709.6,1.51,2025.08.24,2025-08-24,
87969698,BTCUSDm,buy,114711.78,114711.91,0.0,2025.08.24,2025-08-24,BUY[sl]
87970060,BTCUSDm,buy,114661.97,114728.66,1.33,2025.08.24,2025-08-24,BUY[sl]
87970383,BTCUSDm,buy,114487.06,114664.66,5.33,2025.08.24,2025-08-24,3782
87970504,BTCUSDm,buy,114368.57,114665.87,8.92,2025.08.24,2025-08-24,3782
87970703,BTCUSDm,buy,114480.55,114535.69,1.1,2025.08.24,2025-08-24,BUY[sl]
87971314,BTCUSDm,buy,114437.94,114475.49,1.12,2025.08.24,2025-08-24,
87971968,BTCUSDm,buy,114310.53,114444.48,2.68,2025.08.24,2025-08-24,BUY[sl]
87972169,BTCUSDm,buy,114451.11,114633.07,3.64,2025.08.24,2025-08-24,BUY[sl]
87973614,BTCUSDm,buy,114694.51,110046.2,-92.97,2025.08.24,2025-08-25,BUY
87973755,BTCUSDm,buy,113720.08,110033.23,-110.6,2025.08.24,2025-08-25,3782
87973890,BTCUSDm,buy,110823.6,112563.53,52.2,2025.08.24,2025-08-24,
87974040,BTCUSDm,buy,112426.54,112680.93,7.63,2025.08.24,2025-08-24,
87976068,BTCUSDm,buy,112865.08,112896.27,0.63,2025.08.24,2025-08-24,BUY
87977814,BTCUSDm,buy,112923.52,113342.44,8.38,2025.08.24,2025-08-24,BUY[sl]
87992230,BTCUSDm,buy,112838.53,112988.97,1.5,2025.08.25,2025-08-25,BUY[sl]
87994540,BTCUSDm,buy,113454.48,113554.1,1.0,2025.08.25,2025-08-25,BUY[sl]
87997000,BTCUSDm,buy,112776.56,110355.55,-24.21,2025.08.25,2025-08-26,BUY
88002867,BTCUSDm,buy,111984.44,112050.85,1.33,2025.08.25,2025-08-25,
88005612,BTCUSDm,sell,111863.42,111697.79,3.31,2025.08.25,2025-08-25,
88006882,BTCUSDm,sell,112003.7,111796.83,2.07,2025.08.25,2025-08-25,
88006935,BTCUSDm,sell,112058.87,111273.3,7.86,2025.08.25,2025-08-25,
88007917,BTCUSDm,buy,111975.56,112061.58,0.86,2025.08.25,2025-08-25,BUY
88013466,BTCUSDm,buy,111560.42,111802.01,2.42,2025.08.25,2025-08-25,[tp]
88024263,BTCUSDm,sell,111635.42,110915.79,7.19,2025.08.25,2025-08-25,[tp]
88061959,BTCUSDm,sell,111475.84,111282.9,5.79,2025.08.25,2025-08-25,
88062580,BTCUSDm,sell,111231.61,110033.97,35.93,2025.08.25,2025-08-25,[tp]
88062930,BTCUSDm,buy,110792.51,110356.06,-4.37,2025.08.25,2025-08-26,
88064800,BTCUSDm,sell,110024.27,109615.55,40.87,2025.08.25,2025-08-25,
88064883,BTCUSDm,sell,109671.02,109517.42,47.62,2025.08.25,2025-08-25,
88064931,BTCUSDm,sell,109882.23,109524.17,111.0,2025.08.25,2025-08-25,[tp]
88065707,BTCUSDm,buy,110098.22,110170.99,22.56,2025.08.25,2025-08-25,[tp]
88066677,BTCUSDm,buy,109770.48,109937.8,51.87,2025.08.25,2025-08-25,[tp]
88067408,BTCUSDm,sell,110040.48,110016.93,7.3,2025.08.25,2025-08-25,
88067506,BTCUSDm,sell,110185.14,110159.77,7.86,2025.08.25,2025-08-25,
88067547,BTCUSDm,buy,110253.84,110319.71,6.59,2025.08.25,2025-08-26,
88076573,BTCUSDm,buy,109367.07,109634.27,26.72,2025.08.26,2025-08-26,[tp]
88086544,,unknown,0.0,0.0,-11015.56,2025.08.26,2025-08-26,W-ALLINT-USD-INT-71756427266
